Link,Title,Location,Salary,Summary
https://kr.indeed.com/viewjob?jk=sj_c25feb431668b850,Teacher,Grace International Academy (School for the...서울•원격 근무,,
https://kr.indeed.com/viewjob?jk=job_51df90967b46e8f0,[외국계 스타트업 미소] Business Analyst,유한회사 미소서울,,
https://kr.indeed.com/viewjob?jk=job_35f0a25dee5f3312,딥러닝 알고리즘 및 응용 Engineer,딥엑스성남 분당구,,
https://kr.indeed.com/viewjob?jk=job_c30f0ea918f59e22,2021년 하반기 AI 관련 엔지니어 신입 및 경력 직원 모집,주식회사 스누아이랩 관심기업서울 신림동,,
https://kr.indeed.com/viewjob?jk=job_2b2dcd3ffe3d53df,카카오 데이터의 가치를 발굴할 데이터 분석가 모집,카카오4.0성남 판교역,,
https://kr.indeed.com/viewjob?jk=job_660c1163590c7d91,생명과학사업본부 DX분야 경력사원 (마곡),LG화학서울 강서구,,
https://kr.indeed.com/viewjob?jk=job_afd757e2243175cb,금융 AI 기술 연구 개발자 모집,엔씨소프트2.7성남 판교역,,
https://kr.indeed.com/viewjob?jk=job_65d17e4704beb445,네트워크 보안 담당자 채용,케이뱅크은행서울 중학동,,
https://kr.indeed.com/viewjob?jk=job_0064deb5fa9cbce0,데이터 사이언티스트 모집,카카오4.0성남 판교역,,
https://kr.indeed.com/viewjob?jk=job_de766edcc2cea201,로보틱스 소프트웨어 엔지니어 경력 정규직,로보아르테서울 강남구,,
https://kr.indeed.com/viewjob?jk=job_bfe0f5ac4f32ec89,추천 통계분석/데이터사이언티스트,카카오4.0성남 판교역,,
https://kr.indeed.com/viewjob?jk=job_760b5817c4703ea2,게임 서버 개발자,쇼맨서울 강남구,,
https://kr.indeed.com/viewjob?jk=job_99a09e231bb80663,[KSTEC] 통계/Analytics 신입 및 경력사원,지식시스템성남 분당구,,
https://kr.indeed.com/viewjob?jk=job_f681668fa8a3edee,Security/ASDL 경력인재 - 자동차 전장부품 우량대기업,에스에프인촌서울,,
https://kr.indeed.com/viewjob?jk=job_6100350a5169a606,DB Engineer 모집,카카오4.0성남 판교역,,
https://kr.indeed.com/viewjob?jk=job_e8db36eced42ee14,Python 시스템 개발 직원 채용,마스코리아세종특별자치시,,
https://kr.indeed.com/viewjob?jk=job_5c53fa993648eafe,서비스 데이터 분석가 모집,엔씨소프트2.7성남 판교역,,
https://kr.indeed.com/viewjob?jk=job_770632f54d8c1327,[기업협력프로젝트]스마트 팩토리 인공지능 프로젝트 교육생,사단법인 한국에이아이블록체인융합원경상남도,,
https://kr.indeed.com/viewjob?jk=job_e7c8c2b11f24fb43,Software Engineer,Google4.3서울,,
https://kr.indeed.com/viewjob?jk=job_8c32b5db8ab28c7d,"[광고 추천] 데이터 과학자, 기계학습(머신러닝) 전문가 모집",카카오4.0성남 판교역,,
https://kr.indeed.com/viewjob?jk=job_f43ce6c9492e1cd0,국제시장 Analyst & Data Scientist,코리아피디에스서울 마포구,,
https://kr.indeed.com/viewjob?jk=job_f54bac6c78fd3240,코딩에 빠진 수퍼 개발자 (펌웨어 개발),에바성남 수정구,,
https://kr.indeed.com/viewjob?jk=job_b0e39e829a425353,카카오 광고 최적화 연구 및 개발,카카오4.0성남 판교역,,
https://kr.indeed.com/viewjob?jk=job_02de44d20c11b092,블록체인 기술 소프트웨어 개발자,LG전자3.8서울 서초구,,
https://kr.indeed.com/viewjob?jk=job_b3c24f518c4e0487,데이터 분석 기획 모집,엔씨소프트2.7성남 판교역,,
https://kr.indeed.com/viewjob?jk=job_8efb667a9178951f,Diploma Student / Intern - Software Engineering Intern - Kor...,SAP4.3서울,,
https://kr.indeed.com/viewjob?jk=job_71c47ac87bb4087e,기술 인턴 인공지능 응용 연구/개발 인턴,써로마인드로보틱스서울 관악구,,
https://kr.indeed.com/viewjob?jk=job_53fbfe54f327d9dc,AI Software Engineer,GE Appliances경기도 성남,,
https://kr.indeed.com/viewjob?jk=job_14d562d10c215572,"PHP, Python 신입/경력 정규직",비즈부스터서울 금천구,,
https://kr.indeed.com/viewjob?jk=job_d8ef67872063700e,AI 물류로봇 전문가 양성 아카데미 교육생,한국로봇융합연구원서울,,
https://kr.indeed.com/viewjob?jk=job_dbe3257e487e5814,[AI/Lab] AI 백엔드 엔지니어 (전문연구요원 가능),버즈니서울,,
https://kr.indeed.com/viewjob?jk=job_6f4889537af98046,데이터 사이언티스트 및 엔지니어,NHN4.4성남 판교역,,
https://kr.indeed.com/viewjob?jk=job_441d45a99d2ff14d,"[데이터 분석가, 데이터 사이언티스트 (신입/경력)]",인피니그루서울 성동구,,
https://kr.indeed.com/viewjob?jk=job_c2b465f21ce5aa83,[연계/무료교육] AI 개발자 실무역량향상 과정 교육생,미림미디어랩서울,,
https://kr.indeed.com/viewjob?jk=job_6f1ae19dbf8171de,디지털/아날로그 신호처리 시스템 엔지니어 및 하드웨어 개발,에델테크경기도 하남,,
https://kr.indeed.com/viewjob?jk=job_9bc007cae06378f2,"스마트팩토리, 검사 자동화/검사AI 분야 경력사원",LG이노텍4.1경기도 평택,,
https://kr.indeed.com/viewjob?jk=job_bc5131eb1f2981cb,이공지능(AI) / 딥러닝 / Computer Vision 경력자 정규직,더블미코리아서울 서초구,,
https://kr.indeed.com/viewjob?jk=job_42d8f5caf0087baf,"딥러닝 신입/경력 정규직, 병역특례",수퍼빈성남 분당구,,
https://kr.indeed.com/viewjob?jk=job_c0574107a4de85c1,로데슈바르즈코리아 연구소 개발자,로데 슈바르즈 코리아서울 강남구,,
https://kr.indeed.com/viewjob?jk=job_462494a4e0cbc551,[펜타시큐리티] 보안S/W 개발자 (웹/인증/DB/신기술),펜타시큐리티시스템서울 영등포구,,
https://kr.indeed.com/viewjob?jk=job_1d89fe4b37ab05ed,"데이터마이닝, 빅데이터 큐레이터 외 신입/경력 정규직",에임즈인터내셔널코리아서울 강남구,,
https://kr.indeed.com/viewjob?jk=job_1399ee2f387a27dd,카카오 전체의 계정 플랫폼을 만들 서버개발자 모집,카카오4.0성남 판교역,,
https://kr.indeed.com/viewjob?jk=job_e03c3db92d5c1291,"백엔드, 웹개발 경력 정규직 - 스타트업/워라밸/수평문화/연봉최대협의",티에스커리어안양 동안구,,
https://kr.indeed.com/viewjob?jk=job_05ac5c78cc0b1bb7,"정규직 및 계약직 컴퓨터 코딩 강사 (주 4일 또는 5일 선택, 경력무관)",잼코딩목동캠퍼스서울 양천구,,
https://kr.indeed.com/viewjob?jk=job_d48719fbb74e5a7f,[공채] 2021년 SFA 수시-R&D/기구설계/제어설계/PM/인사기획 (11월14일 마감),에스에프에이경기도 화성,,
https://kr.indeed.com/viewjob?jk=job_d17da0baecf05910,데이터 분야 경력,LG CNS3.7서울,,
https://kr.indeed.com/viewjob?jk=job_7abc40bcaebd62cd,[Audit] IA본부 시스템 데이터 분석 전문가 채용,삼정 KPMG3.3서울 강남구,,
https://kr.indeed.com/viewjob?jk=job_c3f7a3b0bf91b087,"새싹 (SeSAC, Seoul Software Academy) 소프트웨어 개발자 데뷔 1기 교육생",재단법인 서울산업진흥원서울 마포구,,
https://kr.indeed.com/viewjob?jk=job_c19a535518b1512c,[경력직 ] 리서치본부 인덱스개발팀,NH투자증권서울 영등포구,,
https://kr.indeed.com/viewjob?jk=job_ba6a0ebb6ad9cd18,IT 인프라 운영 도구 개발,NHN4.4성남 판교역,,
https://kr.indeed.com/viewjob?jk=job_8eca4fd96e77ca9c,CS Field Application Engineer,ASML대한민국,,
https://kr.indeed.com/viewjob?jk=job_3cf01580ba5eb23a,NLP Researcher,AITRICS서울,,
https://kr.indeed.com/viewjob?jk=sj_c25feb431668b850,Teacher,Grace International Academy (School for the...서울•원격 근무,,
https://kr.indeed.com/viewjob?jk=job_2f56d4b70c1df086,하반기 인턴직 모집,한솔그룹서울 을지로2가,,
https://kr.indeed.com/viewjob?jk=job_8dcd45f0d31410c7,QA Engineer,"Seoul Robotics USA, Inc.서울",,
https://kr.indeed.com/viewjob?jk=job_21b3c46baa6219c5,"데이터사이언스, mSQL 외 경력 정규직",에임즈인터내셔널코리아서울 강남구,,
https://kr.indeed.com/viewjob?jk=job_4cd34228af5013fd,DGIST 2019년 제1차 계약직원 공개채용 공고,대구경북과학기술원대구 현풍면,,
https://kr.indeed.com/viewjob?jk=job_f0db02b55ac0f284,A.I 인공지능 개발 경력직,파이프트리스마트팜서울 송파구,,
https://kr.indeed.com/viewjob?jk=job_3bd2a100f97fbbc3,[기업부설연구소] 개발 관리 정규직 연구원,현대에이아이티충청남도 아산,,
https://kr.indeed.com/viewjob?jk=job_d39d5624bfcc6b01,인사분야 신입사원 모집,GS칼텍스서울 역삼동,,
https://kr.indeed.com/viewjob?jk=job_e0bea0fa75a73409,[쿠키런: 킹덤] Business Data Analyst (경력),데브시스터즈서울 강남구,,
https://kr.indeed.com/viewjob?jk=job_71b37427933892eb,퍼플리싱 플랫폼 개발자 모집,엔씨소프트2.7성남 판교역,,
https://kr.indeed.com/viewjob?jk=job_049e047740085644,분당 kt 전산 프로그램 개발/운영 인력,예지아이엔씨성남 분당구,,
https://kr.indeed.com/viewjob?jk=job_9ab2041ab3380a21,카카오톡 안티어뷰징을 위한 데이터/백엔드 엔지니어 및 머신러닝 전문가 모집,카카오4.0성남 판교역,,
https://kr.indeed.com/viewjob?jk=job_63a24d7aa8fac0b0,(주)솔로몬테크노서플라이 데이터 엔지니어 (정규직),솔로몬테크노서플라이서울 영등포구,,
https://kr.indeed.com/viewjob?jk=job_bbb49ae0b019afe4,"펌웨어, 소프트웨어 외 경력 정규직",파이프트리스마트팜서울 송파구,,
https://kr.indeed.com/viewjob?jk=job_0655460a272dfba7,부정사용자 탐지 AI 기술연구원 모집,엔씨소프트2.7성남 판교역,,
https://kr.indeed.com/viewjob?jk=job_28b343c3943a7dca,"웹개발, 백엔드 외 경력 정규직",핀후드서울 성동구,,
https://kr.indeed.com/viewjob?jk=job_9f0ce22eee4259bb,"교육 기획/운영, 시스템 기획",매직에코서울 성동구,,
https://kr.indeed.com/viewjob?jk=job_9c79e7f6f10334ba,고려해운(주) DT 신입/경력사원,고려해운서울 중구,,
https://kr.indeed.com/viewjob?jk=job_ae64d6a67aab13ca,빅데이터 플랫폼/분석 솔루션 개발자/엔지니어/운영자,비코어서울 중구,,
https://kr.indeed.com/viewjob?jk=job_a5c4cc2e1637728c,[정보보호기술] 클라우드 보안기술 개발자,카카오뱅크성남 삼평동,,
https://kr.indeed.com/viewjob?jk=job_4adac8923476d038,프랭클린템플턴투신운용 Junior Trader (Quant base 필수),프랭클린템플턴투신대한민국,,
https://kr.indeed.com/viewjob?jk=job_dbe0729882fd8763,소프트웨어 개발자 신입 / 경력직 채용,네이버시스템(주) 관심기업서울 가락동,,
https://kr.indeed.com/viewjob?jk=job_a8c7fd3923c58768,[원익아이피에스] 대졸공채,원익그룹성남 삼평동,,
https://kr.indeed.com/viewjob?jk=job_1874aaee481880be,클라우드 오퍼레이션 엔지니어,NHN SOFT4.4성남 판교역,,
https://kr.indeed.com/viewjob?jk=job_f8691758f74c5242,Support Engineer- Developer,Microsoft4.2서울,,
https://kr.indeed.com/viewjob?jk=job_67e70f1cf054121a,야구 AI 기술 연구원 모집,엔씨소프트2.7성남 판교역,,
https://kr.indeed.com/viewjob?jk=job_6825074ac2d6f4ad,[INEEJI 인공지능연구소] AI 예측 전문기업 개발팀원,인이지성남 분당구,,
https://kr.indeed.com/viewjob?jk=job_34f22fafb415ec3c,Data Analyst,뱅크샐러드서울 영등포구,,
https://kr.indeed.com/viewjob?jk=job_bc1324c8e97e147e,[글로벌컨설팅사] Developer,인코리아 프로페셔널서울,,
https://kr.indeed.com/viewjob?jk=job_fc09bd46b913c048,시스템 엔지니어링,NHN4.4성남 판교역,,
https://kr.indeed.com/viewjob?jk=job_6a7fdfc1ae4d2230,제주도 만나는 AI기반 데이터 전략 전문가 양성 교육생,한국경제신문제주 제주시,,
https://kr.indeed.com/viewjob?jk=job_6ad55e06021ddccb,MongoDB Engineer 모집,카카오4.0성남 판교역,,
https://kr.indeed.com/viewjob?jk=job_ea462b8b3cb0d224,"시스템 개발, 웹개발 (java, python, c++)",샌즈랩서울 강남구,,
https://kr.indeed.com/viewjob?jk=job_89771210333b8a15,DATA ANALYTICS 전문가 - 대기업,에스에프인촌서울,,
https://kr.indeed.com/viewjob?jk=job_700c2b10e7c58d38,Operations Project Manager_Python,Edwards Korea Ltd충청남도 천안,,
https://kr.indeed.com/viewjob?jk=job_cf006f7ab9b7d7a3,그로스 엔지니어 신입&경력 (정규직),오피노마케팅서울 성동구,,
https://kr.indeed.com/viewjob?jk=job_269f9a96319ef19a,머신러닝 엔지니어 모집,카카오4.0성남 판교역,,
https://kr.indeed.com/viewjob?jk=job_56add096e14a7879,AI 연구 및 개발 직군 모집,넷마블서울 구로구,,
https://kr.indeed.com/viewjob?jk=job_116009dbf59211ed,퍼즐데이터 역량있는 데이터 분석가,주식회사퍼즐데이터서울 역삼동,,
https://kr.indeed.com/viewjob?jk=job_db51c73ebf585071,데이터 사이언티스트,KB데이타시스템서울 마포구,,
https://kr.indeed.com/viewjob?jk=job_e3f3b7e2103d9bc7,"웹개발, 백엔드 외 신입/경력 정규직",코인챗서울 강남구,,
https://kr.indeed.com/viewjob?jk=job_7086f2bab178fe22,빅데이터 플랫폼 개발자(경력),네이버서울,,
https://kr.indeed.com/viewjob?jk=job_c8118047a6dc2356,대기업 계열 자동차 전장회사 AI/DX (CTO) 경력사원,풀림서울 강서구,,
https://kr.indeed.com/viewjob?jk=job_1d0e51e2e431995b,[농심ENG] 신입/경력사원 정기채용,농심그룹서울 신대방동,,
https://kr.indeed.com/viewjob?jk=job_1657497c3ea52f11,(주)테크로스 신입/경력 (부산/화성),테크로스부산 강서구,,
https://kr.indeed.com/viewjob?jk=job_fb7a9b046899b406,퀀트운용팀 (사원-대리급),신한자산운용대한민국,,
https://kr.indeed.com/viewjob?jk=job_54f96b3240228849,자동차 전장 ASDL-Security SW 전문가,LG전자3.8서울특별시,,
https://kr.indeed.com/viewjob?jk=job_fcea39747b3dcb20,"산업용 비전 처리 S/W 개발, AI 가속기 처리 S/W 개발 경력사원",여의시스템성남 중원구,,
https://kr.indeed.com/viewjob?jk=job_5e71ee8401f574a7,[진행중] 우리은행 빅데이터사업부 전문직(데이터사이언티스트[데이터분석가]) 채용공고,우리은행4.5서울 회현동,,
https://kr.indeed.com/viewjob?jk=job_06d133676285b02e,침해사고 대응,NHN4.4성남 판교역,,
https://kr.indeed.com/viewjob?jk=job_be95b5718905880f,AI/빅데이터/클라우드 분야 (인재 Pool),LG유플러스3.8서울,,
https://kr.indeed.com/viewjob?jk=job_06c1f2f58eb1946a,[교보생명] FY2021 하반기 교보생명 신입사원,교보생명보험서울,,
https://kr.indeed.com/viewjob?jk=job_63aa7316b1a84843,네트워크 담당자 영입,카카오페이증권성남 분당구,,
https://kr.indeed.com/viewjob?jk=job_71c47ac87bb4087e,기술 인턴 인공지능 응용 연구/개발 인턴,써로마인드로보틱스서울 관악구,,
https://kr.indeed.com/viewjob?jk=job_e613e8a5792b4fe9,비전넥스트 개발직군 채용,한화그룹4.2서울,,
https://kr.indeed.com/viewjob?jk=job_f54bac6c78fd3240,코딩에 빠진 수퍼 개발자 (펌웨어 개발),에바성남 수정구,,
https://kr.indeed.com/viewjob?jk=job_aac8e9355cb855ac,[인재풀] 아티스트,Electronic Arts서울,,
https://kr.indeed.com/viewjob?jk=job_99a09e231bb80663,[KSTEC] 통계/Analytics 신입 및 경력사원,지식시스템성남 분당구,,
https://kr.indeed.com/viewjob?jk=sj_c25feb431668b850,Teacher,Grace International Academy (School for the...서울•원격 근무,,
https://kr.indeed.com/viewjob?jk=job_55a19c92c845685e,Developer / Designer recruit,마이뮤직테이스트서울 논현동,,
https://kr.indeed.com/viewjob?jk=job_4cd34228af5013fd,DGIST 2019년 제1차 계약직원 공개채용 공고,대구경북과학기술원대구 현풍면,,
https://kr.indeed.com/viewjob?jk=job_2b2dcd3ffe3d53df,카카오 데이터의 가치를 발굴할 데이터 분석가 모집,카카오4.0성남 판교역,,
https://kr.indeed.com/viewjob?jk=job_579bd3dacc4f76e2,멀티캠퍼스 프리랜서 강사,멀티캠퍼스서울 강남구,,
https://kr.indeed.com/viewjob?jk=job_491a9ad77c7883b4,11번가 System Engineer 분야,십일번가서울 중구,,
https://kr.indeed.com/viewjob?jk=job_c793a3ef3425f495,빅데이터 분석 기술인력 (정규직),한국정보기술단서울 강남구,,
https://kr.indeed.com/viewjob?jk=job_b3c24f518c4e0487,데이터 분석 기획 모집,엔씨소프트2.7성남 판교역,,
https://kr.indeed.com/viewjob?jk=job_6100350a5169a606,DB Engineer 모집,카카오4.0성남 판교역,,
https://kr.indeed.com/viewjob?jk=job_e11fdb620460d7c6,2021년 국내 석/박사 산학장학생,LG유플러스3.8서울,,
https://kr.indeed.com/viewjob?jk=job_19da3484bd7a72f1,Machine Learning R&D 연구원,카이어서울 서초구,,
https://kr.indeed.com/viewjob?jk=job_b500bd2a00c3c8ac,"정보보호 엔지니어(보안개발, 서버보안) 모집",카카오4.0성남 판교역,,
https://kr.indeed.com/viewjob?jk=job_53fbfe54f327d9dc,AI Software Engineer,GE Appliances경기도 성남,,
https://kr.indeed.com/viewjob?jk=job_e7cff4e141001fee,2021년 하반기 개발자 공채,메디트서울 성북구,,
https://kr.indeed.com/viewjob?jk=job_79b0a7b5d7be505d,[아이콘트롤스] 2021년 하반기 경력사원 모집,현대산업개발3.0서울특별시,,
https://kr.indeed.com/viewjob?jk=job_99447f07b33ca90f,Python 시스템 개발자 신입/경력자,마스코리아세종특별자치시,,
https://kr.indeed.com/viewjob?jk=job_b794e13ddff54ebb,"인공지능(AI),자바스크립트,백엔드,프론트엔드,Python 인턴 신입/경",코그콤 관심기업서울 양재동,,
https://kr.indeed.com/viewjob?jk=job_ac9068957c550cb3,데이터 전문가(모델러/분석가/엔지니어) 모집,카카오4.0성남 판교역,,
https://kr.indeed.com/viewjob?jk=job_1fd963b87d62d30a,한화시스템/방산 2021년 한화시스템 방산부문 신사업분야 경력사원,한화시스템성남 분당구,,
https://kr.indeed.com/viewjob?jk=job_38c2f6fc1eaab420,[공채] 2021년 하반기 신입공채,베스핀글로벌서울 서초구,,
https://kr.indeed.com/viewjob?jk=job_df21e3bb5d773616,Python Programmer,Mofac서울 서초구,,
https://kr.indeed.com/viewjob?jk=job_e8db36eced42ee14,Python 시스템 개발 직원 채용,마스코리아세종특별자치시,,
https://kr.indeed.com/viewjob?jk=job_bc477bd43b19f752,자동차 전장 ADAS 카메라 System SW 개발 전문가,LG전자3.8서울특별시,,
https://kr.indeed.com/viewjob?jk=job_ef62b0e22d2dd6a2,[kt ds]2021년 각 부문별 경력사원 수시,케이티디에스서울 서초구,,
https://kr.indeed.com/viewjob?jk=job_063d50b144e460e7,침해분석대응 (CERT) 인력 모집,엔씨소프트2.7성남 판교역,,
https://kr.indeed.com/viewjob?jk=job_bfe0f5ac4f32ec89,추천 통계분석/데이터사이언티스트,카카오4.0성남 판교역,,
https://kr.indeed.com/viewjob?jk=job_e29bd57c416ee579,인재 Pool 등록,S&I Corp.대한민국,,
https://kr.indeed.com/viewjob?jk=job_b40c2fca5a96e5b8,[AI R&D] Language AI(NLP) Research 분야 모집,엔씨소프트2.7성남 판교역,,
https://kr.indeed.com/viewjob?jk=job_51df90967b46e8f0,[외국계 스타트업 미소] Business Analyst,유한회사 미소서울,,
https://kr.indeed.com/viewjob?jk=job_78e99625e5de3c95,전문연구요원 (병역특례) 수시 (AI / HW 분야),딥엑스성남 분당구,,
https://kr.indeed.com/viewjob?jk=job_752a4b5d63eac97c,Sr. Back-end Engineer (Python),Soomgo서울 강남구,,
https://kr.indeed.com/viewjob?jk=job_0064deb5fa9cbce0,데이터 사이언티스트 모집,카카오4.0성남 판교역,,
https://kr.indeed.com/viewjob?jk=job_597b42f515727ced,AI Research Engineer Intern,Intel4.1서울,,
https://kr.indeed.com/viewjob?jk=job_733b814969bff5a7,Jr. Back-end Engineer (Python),Soomgo서울 강남구,,
https://kr.indeed.com/viewjob?jk=job_640a5a16c52f319f,"드론솔루션 (아두이노, 드론제작, 3D, 드론쇼핑몰)",탱고드론성남 분당구,,
https://kr.indeed.com/viewjob?jk=job_65d17e4704beb445,네트워크 보안 담당자 채용,케이뱅크은행서울 중학동,,
https://kr.indeed.com/viewjob?jk=job_e5448ffc7d6ecf02,FPGA 플랫폼 엔지니어 (딥러닝 하드웨어 프로세서 개발),딥엑스성남 분당구,,
https://kr.indeed.com/viewjob?jk=job_49fd1a7248d3ff47,Research Engineer Intern (Machine Learning),"Seoul Robotics Co., Ltd서울",,
https://kr.indeed.com/viewjob?jk=job_8070498013c9b353,시스템 엔지니어 영입,카카오페이증권성남 분당구,,
https://kr.indeed.com/viewjob?jk=job_8cc372a6b78679b1,"인공지능(AI), Python(응용프로그램 개발자) 외 신입/경력 정규직",쿠노소프트서울 성북구,,
https://kr.indeed.com/viewjob?jk=job_2b9e604e63e7e46d,[카카오커머스] 기술직군,카카오커머스성남 분당구,,
https://kr.indeed.com/viewjob?jk=job_f918bbdb2030f3bf,Product Engineer - Fab Analytics,Siemens4.0경기도 성남,,
https://kr.indeed.com/viewjob?jk=job_d17941b92bf869b8,DeepLearning R&D Researcher,(주)보이스루서울 강남구,,
https://kr.indeed.com/viewjob?jk=sj_c25feb431668b850,Teacher,Grace International Academy (School for the...서울•원격 근무,,
https://kr.indeed.com/viewjob?jk=job_6a68b4e0dc19995e,SoC ASIC 설계 엔지니어 (딥러닝 하드웨어 프로세서 개발),딥엑스성남 분당구,,
https://kr.indeed.com/viewjob?jk=job_7af707403f972a7c,"Staff, Data Analyst (Service Design Excellence)",Coupang2.7서울,,
https://kr.indeed.com/viewjob?jk=job_6ba2ffa605b9c882,[Tune CIC] Music Service 기획 담당자 (경력),네이버서울,,
https://kr.indeed.com/viewjob?jk=job_59db18a2366b2c92,AI 분야 경력,LG CNS3.7서울,,
https://kr.indeed.com/viewjob?jk=job_4c3ba5f4766e22be,Software Engineer - Front-End,"Seoul Robotics Co., Ltd.서울",,
https://kr.indeed.com/viewjob?jk=job_a64e1e21f61265ce,각 분야별 인재 Pool 등록,지투알서울,,
https://kr.indeed.com/viewjob?jk=job_a7e0d87ee0e9a7b9,Design Verification 엔지니어 (딥러닝 하드웨어 프로세서 개발),딥엑스성남 분당구,,
https://kr.indeed.com/viewjob?jk=job_941687b6bbb14d81,웹 개발자 경력 Java/Php/Javascript/Python/Html/CSS 등 프로젝트 경력자,바이오브레인대전 서구,,
https://kr.indeed.com/viewjob?jk=job_65960fe0629cd483,대기업 정보보안 기획 및 구축 업무 담당,국내 대기업 / 그룹사 IT 서비스 제공기업 / 600명 규모서울 논현동,,
https://kr.indeed.com/viewjob?jk=job_4de10ddc3715df93,"Software Engineer, Korea",Bear Robotics서울,,
https://kr.indeed.com/viewjob?jk=job_b2eb1fe78ff9ee5f,[대기업] 데이터분석가 경력 (대리~과장급 2명),에이치알니즈서울,,
https://kr.indeed.com/viewjob?jk=job_25725b3c0e607311,Junior Quant Trader,Byzantine Partners서울,,
https://kr.indeed.com/viewjob?jk=job_b2778f7265c70ed8,자동화 S/W 프로그램 개발보조 전문학사 신입사원,LG이노텍4.1서울 강서구,,
https://kr.indeed.com/viewjob?jk=job_7420bd6ad89ff63a,미국 법인 보안 담당자,NHN4.4성남 판교역,,
https://kr.indeed.com/viewjob?jk=job_da4dec4594f59668,[전문연구요원] AI Research Engineer,Upstage경기도 용인,,
https://kr.indeed.com/viewjob?jk=job_a2b38b230474e622,카카오 전사 QA 모집,카카오4.0성남 판교역,,
https://kr.indeed.com/viewjob?jk=job_f7cd55622750d778,[제약 벤처] 연구원 초빙 (선임-수석연구원),BOB네트웍스성남 분당구,,
https://kr.indeed.com/viewjob?jk=job_3b9a4bb5dfb41c5a,FDS 데이터분석/딥러닝/머신러닝 모형개발(수원 영통),인피니그루수원 영통구,,
https://kr.indeed.com/viewjob?jk=job_4f431aacdc9fbb21,번역 자연어 처리 R&D팀장,(주)보이스루서울 강남구,,
https://kr.indeed.com/viewjob?jk=job_a98eb9cf76d8f726,"웹프로그래머/Python/SQL DB/WebRTC/CSS,PHP etc 신입/경력 정규직",리쉐니에수원 영통구,,
https://kr.indeed.com/viewjob?jk=job_c5685a32445180f3,[커머스&서비스 플랫폼] 백엔드 엔지니어 (전문연구요원 가능),버즈니서울,,
https://kr.indeed.com/viewjob?jk=job_8e427bfa23c2365d,Machine Learning Engineer (LINE AI Services Lab),LINE Plus corporation대한민국,,
https://kr.indeed.com/viewjob?jk=job_0a312e48fd053513,데이터 엔지니어,NHN COMMERCE4.4서울 구로구,,
https://kr.indeed.com/viewjob?jk=job_01bd5372e531d949,"Sales - Sales Operations Specialist, Seoul, Korea",Tesla서울,,
https://kr.indeed.com/viewjob?jk=job_bbbfbb33164df0e3,"Junior Software Engineer, Server Platform",Sendbird서울,,
https://kr.indeed.com/viewjob?jk=job_44f16e94e3e6b589,"Staff Software Engineer, Maps & Navigation, Seoul, Korea",Tesla서울,,
https://kr.indeed.com/viewjob?jk=job_cfdb66a24e99b6e3,Renewables Consultant - Electrical Engineering,DNV서울,,
https://kr.indeed.com/viewjob?jk=job_649ccf047c868778,"금융 데이터 분석 엔진, 로보어드바이저 개발자",에스비씨엔서울 영등포구,,
https://kr.indeed.com/viewjob?jk=job_9d2c98d154960235,2022년 LG에너지솔루션 대학생인턴십 2기,LG에너지솔루션청주 오창읍,,
https://kr.indeed.com/viewjob?jk=job_d69b5a1e60c65ce6,데이터 마케팅 경력사원,LG전자3.8서울 영등포구,,
https://kr.indeed.com/viewjob?jk=job_343564e05ed0553e,로봇사업담당 Slam 경력직,LG전자3.8서울 강서구,,
https://kr.indeed.com/viewjob?jk=job_29faa893f345e036,GEDP,GE Appliances경기도 성남,,
https://kr.indeed.com/viewjob?jk=job_dc74730c92ce5050,Data Scientist,뱅크샐러드서울 영등포구,,
https://kr.indeed.com/viewjob?jk=job_c4145dce440c02f8,[전문연구요원 신규편입/전직] SW Engineer/Backend/Frontend 개발자,뷰노코리아서울 서초구,,
https://kr.indeed.com/viewjob?jk=job_ffe578e87812e778,DevOps Engineer (Engineering Foundation),뱅크샐러드서울 영등포구,,
https://kr.indeed.com/viewjob?jk=job_b3a6c83c9debcb92,네이버 파이낸셜 플랫폼 운영,NIT Service성남 삼평동,,
https://kr.indeed.com/viewjob?jk=job_224971cd3009c4ba,AI/BigData 인재 (신입/경력),LG이노텍4.1서울 마곡역,,
https://kr.indeed.com/viewjob?jk=job_bea34fbb2f401c90,Machine Learning Engineer (LINE TIMELINE),LINE Plus corporation대한민국,,
https://kr.indeed.com/viewjob?jk=job_1b3ad64e7a39c01a,IoT 기기 및 네트워크 취약점 점검 개발자,노르마서울 성동구,,
https://kr.indeed.com/viewjob?jk=job_6394dc6b6dcbed60,Developer,Ericsson서울,,
https://kr.indeed.com/viewjob?jk=job_ec5c7ccd76639120,[외국계 스타트업 미소] Data Analyst,유한회사 미소서울,,
https://kr.indeed.com/viewjob?jk=job_a7dbd25ce1367fe8,대기업 딥러닝 기반 영상처리 개발자 (판교),인파트너스서울,,
https://kr.indeed.com/viewjob?jk=job_bc166941018ab5ab,"Engr, Apps Dev 3",KLA-Tencor경기도 화성,,
https://kr.indeed.com/viewjob?jk=job_d3153e37a5a129d0,[IT개발] Python 웹개발자 모집 (대리급),통로서울,,
https://kr.indeed.com/viewjob?jk=job_1af973e75a47ac43,11번가 마이데이터 Fintech 개발 직군,십일번가서울 강남구,,
https://kr.indeed.com/viewjob?jk=job_2f209edc482fdad4,"Senior System Software Engineer, DRIVE OS and BSP",NVIDIA서울,,
https://kr.indeed.com/viewjob?jk=job_1b25f7835c60e126,DBA 5년 이상 대기업계열사 판교 근무,SK계열사 / 2016년 SK텔레콤과 네이버가 세운 Joint Venture로성남 판교역,,
https://kr.indeed.com/viewjob?jk=job_9f2fefc825c349fd,"Senior Deep Learning Software Engineer, Autonomous Vehicles...",NVIDIA서울,,
https://kr.indeed.com/viewjob?jk=job_9193b9de45a0ac1c,Embedded Software Engineer - Connected,GE Appliances경기도 성남,,
https://kr.indeed.com/viewjob?jk=job_b92aa9fa4dd865f2,PM/PL & 데이터분석가 & 일반영업 정규직,데이터누리서울 강서구,,
https://kr.indeed.com/viewjob?jk=job_b6d169aa029a45a6,[강남/스타트업] 에이스랩 자율주행 엔지니어,에이스랩서울 강남구,,
https://kr.indeed.com/viewjob?jk=job_95946773d4816f0d,"머신러닝, 데이터분석 외 경력 정규직",에임즈인터내셔널코리아서울 강남구,,
https://kr.indeed.com/viewjob?jk=job_7fdcd7a7457b1e93,데이터 분석,아프리카TV경기도 성남,,
https://kr.indeed.com/viewjob?jk=job_2fa7a133c1d32100,[웹젠] 게임보안(경력),웹젠성남 분당구,,
https://kr.indeed.com/viewjob?jk=job_491a9ad77c7883b4,11번가 System Engineer 분야,십일번가서울 중구,,
https://kr.indeed.com/viewjob?jk=job_51d1df9a3cfbe418,(주)엘솔루 R&D본부 ASR팀 개발직,㈜엘솔루서울,,
https://kr.indeed.com/viewjob?jk=job_5e7dc1196f13b938,"NAVER, LINE 서비스 플랫폼 운영",NIT Service성남 삼평동,,
https://kr.indeed.com/viewjob?jk=job_109c5533ffdaaa84,[DB금융투자] 2021년 하반기 신입사원 모집,DB그룹서울 대치동,,
https://kr.indeed.com/viewjob?jk=job_f80e3683e51edd56,펌웨어&어플리케이션 S/W 경력자 정규직,TPC메카트로닉스인천,,
https://kr.indeed.com/viewjob?jk=job_b2a5e4aeccfd3f28,백엔드/DB 개발자,(주)인터마인즈 관심기업성남 삼평동,,
https://kr.indeed.com/viewjob?jk=job_d83fc0dd2641f483,전문연구요원 (병역특례) 수시 (AI / SW 분야),딥엑스성남 분당구,,
https://kr.indeed.com/viewjob?jk=job_7fe362af3a077099,운영 업무 자동화 개발자 (3년 이상),딜리버리히어로코리아서울 서초구,,
https://kr.indeed.com/viewjob?jk=job_8fa17c6073918c5b,[경력] 하둡 플랫폼 서비스 개발자 모집,카카오4.0성남 판교역,,
https://kr.indeed.com/viewjob?jk=job_a4015a0d112e9569,프론트엔드 정규직,바이오에이아이서울 강남구,,
https://kr.indeed.com/viewjob?jk=job_84fd9f9deb6105b0,"웹개발, Python 외 신입/경력 계약직",쿠바로엠앤씨서울 강서구,,
https://kr.indeed.com/viewjob?jk=job_d472003000e0e285,"신입/경력 개발자 (프론트엔드 , 백엔드 , 퍼블리셔 )",아이디벨경기도 하남,,
https://kr.indeed.com/viewjob?jk=job_752a4b5d63eac97c,Sr. Back-end Engineer (Python),Soomgo서울 강남구,,
https://kr.indeed.com/viewjob?jk=job_df21e3bb5d773616,Python Programmer,Mofac서울 서초구,,
https://kr.indeed.com/viewjob?jk=job_be6c1f03fa566f8e,추천 시스템 연구/개발,카카오4.0성남 판교역,,
https://kr.indeed.com/viewjob?jk=job_df228c302c3c8f9b,서버개발자(벡앤드) 정규직,오비이랩서울 강남구,,
https://kr.indeed.com/viewjob?jk=job_cdfee6754c545fba,삼성 청년 SW 아카데미 7기,삼성 청년 SW 아카데미서울 강남구,,
https://kr.indeed.com/viewjob?jk=job_3b7dbdf85a326a6d,국내 대기업 - AI 및 딥러닝 관련 경력자,라피플코리아리미티드서울,,
https://kr.indeed.com/viewjob?jk=job_04d685fc70b67d4e,Linux/Python/PHP/MySQL/백엔드 정규직 경력,일루미나리안용인 보정동,,
https://kr.indeed.com/viewjob?jk=job_f0fa048255eee14e,"인공지능(AI), 머신러닝(ML) 외 경력 정규직",시스메틱서울 영등포구,,
https://kr.indeed.com/viewjob?jk=job_d1d26bc871719fe2,대학생인턴십 2기 모집,LG에너지솔루션서울 영등포구,,
https://kr.indeed.com/viewjob?jk=job_07375dc4e800dfa9,추천 시스템 소프트웨어 엔지니어,카카오4.0성남 판교역,,
https://kr.indeed.com/viewjob?jk=job_e683f6a97bdd95b0,리스크관리부 경력직 (연장),IBK투자증권대한민국,,
https://kr.indeed.com/viewjob?jk=job_0f502079be47bcfe,AI R&D 데이터플랫폼 엔지니어 모집,엔씨소프트2.7성남 판교역,,
https://kr.indeed.com/viewjob?jk=job_d8a8869ab092f731,데이터 엔지니어 및 사이언티스트,카카오4.0성남 판교역,,
https://kr.indeed.com/viewjob?jk=job_754737c9e1297d2a,코아시아넥셀 시스템반도체 디자인/검증 엔지니어,코아시아넥셀서울 송파구,,
https://kr.indeed.com/viewjob?jk=job_a50f8c582b21a83a,[데이터사이언스] 계약직,하나카드서울 중구,,
https://kr.indeed.com/viewjob?jk=job_0e25160b5a1d095f,[유통 대기업] Business Analyst(비지니스분석가) 과차장급,에이치알니즈서울,,
https://kr.indeed.com/viewjob?jk=job_40de6a4b81f8724f,[전문연구요원 신규편입/전직] 의료영상/음성인식/생체신호 연구원,뷰노코리아서울 서초구,,
https://kr.indeed.com/viewjob?jk=job_6ede042ebe53ba49,RTL 기반 HW IP 설계 엔지니어 (딥러닝 하드웨어 프로세서 개발),딥엑스성남 분당구,,
https://kr.indeed.com/viewjob?jk=job_9adbc290202846e1,[아이브릭스] 기업부설연구소 전문연구요원,아이브릭스성남 분당구,,
https://kr.indeed.com/viewjob?jk=job_2ba9d984a21e03b1,[전문연구요원] R&D 부문 개발자 병역특례,스칼라웍스서울 금천구,,
https://kr.indeed.com/viewjob?jk=job_4c25d6649f8434a8,[외국계 스타트업 미소] Business Analyst Intern (정규직 전환형),유한회사 미소서울,,
https://kr.indeed.com/viewjob?jk=job_aac8e9355cb855ac,[인재풀] 아티스트,Electronic Arts서울,,
https://kr.indeed.com/viewjob?jk=job_0678ac52e4aa4f11,2021년 하반기 정보보안 엔지니어 - 취약점 파트,인섹시큐리티서울 금천구,,
https://kr.indeed.com/viewjob?jk=job_b6eea437d4af95fd,[더블유게임즈 자회사] 기획/디자인/개발/데이터분석,더블다운인터액티브서울 강남구,,
https://kr.indeed.com/viewjob?jk=job_e0e37aaebc73dde3,지표구축,아프리카TV경기도 성남,,
https://kr.indeed.com/viewjob?jk=sj_c25feb431668b850,Teacher,Grace International Academy (School for the...서울•원격 근무,,
https://kr.indeed.com/viewjob?jk=job_662beff5f293820b,AR/VR SDK 개발자 모집,카카오4.0성남 판교역,,
https://kr.indeed.com/viewjob?jk=job_ff22d24c102f6455,"Solutions Architcet 전문가 (과장/이사급 10명 이상) , 글로벌 TOP 클라우드 회사(",코어포인트서울 강남구,,
https://kr.indeed.com/viewjob?jk=job_76ef0d2df960b0f6,"Student Training in Engineering Program, 2021, People with D...",Google4.3서울,,
https://kr.indeed.com/viewjob?jk=job_4124ae4b678283f7,[블레이드 앤 소울] 툴 프로그래머 모집,엔씨소프트2.7성남 판교역,,
https://kr.indeed.com/viewjob?jk=job_2615573761265171,[전문연구요원] Software Engineer,Upstage경기도 용인,,
